SYNOPTIC_STATION,STATION_ID
TRUE,BCSI-201778-QCSD03
TRUE,BCSI-201778-QCSD04
TRUE,BCSI-201778-QCSD06
TRUE,BCSI-201778-QCSD07
TRUE,BCSI-201778-QCSD08
TRUE,BCSI-201778-QCSD09
TRUE,BCSI-201778-QCSD10
TRUE,BCSI-201778-QCSD11
TRUE,BCSI-201778-QCSD12
TRUE,BCSI-201778-QCSD18
TRUE,BCSI-201778-QCSD19
TRUE,BCSI-201778-QCSD20
TRUE,BCSI-201893-QCSD01
TRUE,BCSI-201893-QCSD02
TRUE,BCSI-201893-QCSD03
TRUE,BCSI-201893-QCSD04
TRUE,BCSI-201893-QCSD05
TRUE,BCSI-201893-QCSD07
TRUE,BCSI-201893-QCSD08
TRUE,BCSI-201893-QCSD11
TRUE,BCSI-201893-QCSD12
TRUE,BCSI-201893-QCST07
TRUE,BCSI-2019125-QCSD01
TRUE,BCSI-2019125-QCSD02
TRUE,BCSI-2019125-QCSD04
TRUE,BCSI-2019125-QCSD05
TRUE,BCSI-2019125-QCSD06
TRUE,BCSI-2019125-T03
TRUE,BCSI-2019125-T05
TRUE,BCSI-2019125-T06
TRUE,BCSI-2020017-CS08
TRUE,HS1096-001
TRUE,HS1096-002
TRUE,HS1096-003
TRUE,HS1096-004
TRUE,HS1096-005
TRUE,HS1096-007
TRUE,HS1096-008
TRUE,HS1096-009
TRUE,HS200016-E02
TRUE,HS200016-E03
TRUE,HS200016-E04
TRUE,HS200016-SS01
TRUE,HS200016-SS02
TRUE,HS200016-SS03
TRUE,HS200016-SS04
TRUE,HS200016-SS05
TRUE,HS200016-SS06
TRUE,HS200016-SS07
TRUE,HS200016-SS08
TRUE,HS200016-SS09
TRUE,HS200016-T03
TRUE,HS200016-T04
TRUE,HS200016-T05
TRUE,HS200016-T06
TRUE,HS200016-T07
TRUE,HS200016-T08
TRUE,HS200034-EP02
TRUE,HS200034-EP03
TRUE,HS200034-K01
TRUE,HS200034-K02
TRUE,HS200034-K03
TRUE,HS200034-K04
TRUE,HS200034-LP01
TRUE,HS200034-LP02
TRUE,HS200034-LP03
TRUE,HS200034-T02
TRUE,HS200034-T03
TRUE,HS200034-T04
TRUE,HS200034-T05
TRUE,HS200034-T06
TRUE,HS200034-T07
TRUE,HS200109-X07
TRUE,HS200109-X08
TRUE,HS200109-X09
TRUE,HS200109-X10
TRUE,HS200109-X11
TRUE,HS200109-X12
TRUE,HS200109-X17
TRUE,HS200109-X18
TRUE,HS200109-X23
TRUE,HS200109-X24
TRUE,HS200109-X25
TRUE,HS200109-X92
TRUE,HS200109-X93
TRUE,HS200109-X94
TRUE,HS200109-X95
TRUE,HS200114-EP01
TRUE,HS200114-EP02
TRUE,HS200114-EP03
TRUE,HS200114-EP04
TRUE,HS200114-EP05
TRUE,HS200114-T02
TRUE,HS200114-T03
TRUE,HS200114-T04
TRUE,HS200114-T05
TRUE,HS200114-T06
TRUE,HS200114-T07
TRUE,HS200114-VI04
TRUE,HS200114-VI05
TRUE,HS200114-VI06
TRUE,HS200118-017
TRUE,HS200118-018
TRUE,HS200118-019
TRUE,HS200118-020
TRUE,HS200118-032
TRUE,HS200118-033
TRUE,HS200118-034
TRUE,HS200118-035
TRUE,HS200118-036
TRUE,HS200118-037
TRUE,HS200118-038
TRUE,HS200118-039
TRUE,HS200118-040
TRUE,HS200118-041
TRUE,HS200118-042
TRUE,HS200118-043
TRUE,HS200118-044
TRUE,HS200118-045
TRUE,HS200118-046
TRUE,HS200118-047
TRUE,HS200118-048
TRUE,HS200118-049
TRUE,HS200118-050
TRUE,HS200118-051
TRUE,HS200118-052
TRUE,HS200118-053
TRUE,HS200118-054
TRUE,HS200118-057
TRUE,HS200118-058
TRUE,HS200118-059
TRUE,HS200118-060
TRUE,HS200118-064
TRUE,HS200118-065
TRUE,HS200118-066
TRUE,HS200118-067
TRUE,HS200118-069
TRUE,HS200118-070
TRUE,HS200118-071
TRUE,HS200118-076
TRUE,HS200118-077
TRUE,HS200118-101
TRUE,HS200118-102
TRUE,HS200118-103
TRUE,HS200118-104
TRUE,HS200118-105
TRUE,HS200118-106
TRUE,HS200118-107
TRUE,HS200118-108
TRUE,HS200136-EP02
TRUE,HS200136-EP03
TRUE,HS200136-LP01
TRUE,HS200136-LP02
TRUE,HS200136-LP03
TRUE,HS200136-VI18
TRUE,HS200136-VI19
TRUE,HS200136-VI20
TRUE,HS200136-VI21
TRUE,HS200136-VI22
TRUE,HS200205-EP01
TRUE,HS200205-EP02
TRUE,HS200205-EP03
TRUE,HS200205-EP04
TRUE,HS200205-EP05
TRUE,HS200205-EP06
TRUE,HS200205-T01
TRUE,HS200205-T02
TRUE,HS200205-T03
TRUE,HS200205-T04
TRUE,HS200205-T05
TRUE,HS200205-T06
TRUE,HS200205-T07
TRUE,HS200205-VI01
TRUE,HS200205-VI02
TRUE,HS200205-VI05
TRUE,HS200205-VI06
TRUE,HS200205-VI07
TRUE,HS200205-VI08
TRUE,HS200215-EP01
TRUE,HS200215-EP02
TRUE,HS200215-EP03
TRUE,HS200215-EP04
TRUE,HS200215-EP05
TRUE,HS200215-EP06
TRUE,HS200215-T02
TRUE,HS200215-T03
TRUE,HS200215-T04
TRUE,HS200215-T05
TRUE,HS200215-T06
TRUE,HS200215-T07
TRUE,HS200215-VI01
TRUE,HS200235-EP01
TRUE,HS200235-EP02
TRUE,HS200235-EP03
TRUE,HS200235-EP04
TRUE,HS200235-EP05
TRUE,HS200235-EP06
TRUE,HS200235-T02
TRUE,HS200235-T03
TRUE,HS200235-T04
TRUE,HS200235-T05
TRUE,HS200235-T06
TRUE,HS200235-T07
TRUE,HS200235-VI02
TRUE,HS200235-VI03
TRUE,HS200235-VI04
TRUE,HS200235-VI05
TRUE,HS200235-VI06
TRUE,HS200235-VI07
TRUE,HS200238-EP02
TRUE,HS200238-EP03
TRUE,HS200238-EP04
TRUE,HS200238-EP05
TRUE,HS200238-EP06
TRUE,HS200238-IVI07
TRUE,HS200238-T02
TRUE,HS200238-T03
TRUE,HS200238-T04
TRUE,HS200238-T05
TRUE,HS200238-T06
TRUE,HS200238-T07
TRUE,HS200238-VI01
TRUE,HS200238-VI02
TRUE,HS200238-VI03
TRUE,HS200238-VI04
TRUE,HS200238-VI05
TRUE,HS200238-VI06
TRUE,HS200238-VI07
TRUE,HS200238-VI08
TRUE,HS200238-VI09
TRUE,HS200304-EP01
TRUE,HS200304-EP02
TRUE,HS200304-EP03
TRUE,HS200304-EP04
TRUE,HS200304-EP05
TRUE,HS200304-IVI07
TRUE,HS200304-T02
TRUE,HS200304-T03
TRUE,HS200304-T04
TRUE,HS200304-T05
TRUE,HS200304-T06
TRUE,HS200304-VI01
TRUE,HS200304-VI02
TRUE,HS200304-VI03
TRUE,HS200304-VI04
TRUE,HS200304-VI05
TRUE,HS200313-EP02
TRUE,HS200313-EP03
TRUE,HS200313-EP04
TRUE,HS200313-EP05
TRUE,HS200313-VI02
TRUE,HS200313-VI03
TRUE,HS200313-VI04
TRUE,HS200313-VI05
TRUE,HS200336-T02
TRUE,HS200336-T03
TRUE,HS200336-T04
TRUE,HS200336-T05
TRUE,HS200336-T06
TRUE,HS200336-T07
TRUE,HS200336-VI02
TRUE,HS200336-VI05
TRUE,HS200336-VI06
TRUE,HS200336-VI07
TRUE,HS200403-EP01
TRUE,HS200403-EP02
TRUE,HS200403-EP03
TRUE,HS200403-EP04
TRUE,HS200403-EP05
TRUE,HS200403-T02
TRUE,HS200403-T03
TRUE,HS200403-T04
TRUE,HS200403-T05
TRUE,HS200403-T06
TRUE,HS200403-T07
TRUE,HS200403-VI01
TRUE,HS200403-VI02
TRUE,HS200403-VI04
TRUE,HS200403-VI05
TRUE,HS200403-VI06
TRUE,HS200417-EP01
TRUE,HS200417-EP02
TRUE,HS200417-EP03
TRUE,HS200417-EP04
TRUE,HS200417-EP05
TRUE,HS200417-T02
TRUE,HS200417-T03
TRUE,HS200417-T04
TRUE,HS200417-T05
TRUE,HS200417-T06
TRUE,HS200417-T07
TRUE,HS200417-VI01
TRUE,HS200417-VI03
TRUE,HS200417-VI04
TRUE,HS200417-VI05
TRUE,HS200432-QCSD01
TRUE,HS200432-T02
TRUE,HS200432-T03
TRUE,HS200432-T04
TRUE,HS200432-T05
TRUE,HS200432-T06
TRUE,HS200432-T07
TRUE,HS200432-VI01
TRUE,HS200432-VI02
TRUE,HS200432-VI03
TRUE,HS200432-VI05
TRUE,HS200432-VI06
TRUE,HS200432-VI07
TRUE,HS200432-VI08
TRUE,HS200432-VI12
TRUE,HS200432-VI13
TRUE,HS200432-VI15
TRUE,HS200432-VI16
TRUE,HS200432-VI17
TRUE,HS200432-VI19
TRUE,HS200432-VI20
TRUE,HS200432-VI21
TRUE,HS200503-EP01
TRUE,HS200503-EP02
TRUE,HS200503-EP03
TRUE,HS200503-EP04
TRUE,HS200503-T02
TRUE,HS200503-T03
TRUE,HS200503-T04
TRUE,HS200503-T05
TRUE,HS200503-T06
TRUE,HS200503-T07
TRUE,HS200503-VI01
TRUE,HS200503-VI02
TRUE,HS200503-VI03
TRUE,HS200503-VI04
TRUE,HS200503-VI06
TRUE,HS200503-VI07
TRUE,HS200503-VI08
TRUE,HS200503-VI09
TRUE,HS200503-VI10
TRUE,HS200503-VI11
TRUE,HS200503-VI12
TRUE,HS200503-VI16
TRUE,HS200503-VI17
TRUE,HS200503-VI18
TRUE,HS200503-VI19
TRUE,HS200503-VI20
TRUE,HS200517-EP02
TRUE,HS200517-EP03
TRUE,HS200517-EP04
TRUE,HS200517-EP05
TRUE,HS200517-EP06
TRUE,HS200517-T02
TRUE,HS200517-VI02
TRUE,HS200517-VI03
TRUE,HS200517-VI04
TRUE,HS200517-VI05
TRUE,HS200517-VI08
TRUE,HS200517-VI09
TRUE,HS200517-VI10
TRUE,HS200517-VI11
TRUE,HS200528-EP02
TRUE,HS200528-EP03
TRUE,HS200528-EP04
TRUE,HS200528-EP05
TRUE,HS200528-EP06
TRUE,HS200528-T02
TRUE,HS200528-T03
TRUE,HS200528-T04
TRUE,HS200528-T05
TRUE,HS200528-T06
TRUE,HS200528-VI01
TRUE,HS200528-VI02
TRUE,HS200528-VI03
TRUE,HS200609-EP01
TRUE,HS200609-EP02
TRUE,HS200609-EP03
TRUE,HS200609-EP04
TRUE,HS200609-EP05
TRUE,HS200609-EP06
TRUE,HS200609-VI01
TRUE,HS200609-VI02
TRUE,HS200609-VI04
TRUE,HS200609-VI05
TRUE,HS200609-VI06
TRUE,HS200609-VI07
TRUE,HS200609-VI08
TRUE,HS200609-VI09
TRUE,HS200609-VI10
TRUE,HS200609-VI11
TRUE,HS200609-VI12
TRUE,HS200609-VI13
TRUE,HS200609-VI15
TRUE,HS200609-VI16
TRUE,HS200609-VI17
TRUE,HS200609-VI18
TRUE,HS200609-VI19
TRUE,HS200622-EP02
TRUE,HS200622-EP03
TRUE,HS200622-EP04
TRUE,HS200622-EP05
TRUE,HS200622-T02
TRUE,HS200622-T03
TRUE,HS200622-T04
TRUE,HS200622-T05
TRUE,HS200622-T06
TRUE,HS200622-T07
TRUE,HS200622-VI01
TRUE,HS200622-VI02
TRUE,HS200622-VI03
TRUE,HS200622-VI04
TRUE,HS200622-VI05
TRUE,HS200622-VI09
TRUE,HS200622-VI11
TRUE,HS200631-EP05
TRUE,HS200631-T02
TRUE,HS200631-T03
TRUE,HS200631-T04
TRUE,HS200631-T05
TRUE,HS200631-T06
TRUE,HS200631-T07
TRUE,HS200631-VI02
TRUE,HS200631-VI03
TRUE,HS200631-VI07
TRUE,HS200631-VI08
TRUE,HS200631-VI09
TRUE,HS200631-VI10
TRUE,HS200709-EP02
TRUE,HS200709-EP03
TRUE,HS200709-EP04
TRUE,HS200709-EP05
TRUE,HS200709-VI01
TRUE,HS200709-VI02
TRUE,HS200709-VI03
TRUE,HS200709-VI04
TRUE,HS200709-VI05
TRUE,HS200709-VI06
TRUE,HS200742-EP02
TRUE,HS200742-EP03
TRUE,HS200742-EP04
TRUE,HS200742-EP05
TRUE,HS200742-JF07
TRUE,HS200742-T02
TRUE,HS200742-T03
TRUE,HS200742-T04
TRUE,HS200742-T05
TRUE,HS200742-T06
TRUE,HS200742-T07
TRUE,HS200742-VI01
TRUE,HS200742-VI02
TRUE,HS200742-VI03
TRUE,HS200742-VI04
TRUE,HS200742-VI06
TRUE,HS200742-VI07
TRUE,HS200742-VI08
TRUE,HS200742-VI09
TRUE,HS200742-VI14
TRUE,HS200742-VI15
TRUE,HS200742-VI17
TRUE,HS200742-VI18
TRUE,HS200742-VI19
TRUE,HS200742-VI22
TRUE,HS200742-VI23
TRUE,HS200742-VI25
TRUE,HS200742-VI26
TRUE,HS200742-VI28
TRUE,HS200742-VI32
TRUE,HS200742-VI33
TRUE,HS200742-VI34
TRUE,HS200765-EP01
TRUE,HS200765-EP02
TRUE,HS200765-EP03
TRUE,HS200765-EP04
TRUE,HS200765-EP05
TRUE,HS200765-EP05B
TRUE,HS200765-EP06
TRUE,HS200765-EP06B
TRUE,HS200765-JF07
TRUE,HS200765-VI01
TRUE,HS200765-VI02
TRUE,HS200765-VI03
TRUE,HS200765-VI04
TRUE,HS200765-VI06
TRUE,HS200765-VI07
TRUE,HS200765-VI08
TRUE,HS200765-VI09
TRUE,HS200765-VI11
TRUE,HS200765-VI12
TRUE,HS200765-VI14
TRUE,HS200765-VI15
TRUE,HS200765-VI16
TRUE,HS200765-VI19
TRUE,HS200765-VI20
TRUE,HS200765-VI21
TRUE,HS200765-VI23
TRUE,HS200765-VI24
TRUE,HS200812-EP01
TRUE,HS200812-EP02
TRUE,HS200812-EP03
TRUE,HS200812-EP04
TRUE,HS200812-EP05
TRUE,HS200812-EP06
TRUE,HS200812-IVI03
TRUE,HS200812-T02
TRUE,HS200812-T03
TRUE,HS200812-T04
TRUE,HS200812-T05
TRUE,HS200812-T06
TRUE,HS200812-T07
TRUE,HS200812-VI01
TRUE,HS200812-VI02
TRUE,HS200812-VI03
TRUE,HS200812-VI04
TRUE,HS200812-VI05
TRUE,HS200812-VI06
TRUE,HS200812-VI08
TRUE,HS200812-VI09
TRUE,HS200812-VI10
TRUE,HS200812-VI11
TRUE,HS200812-VI12
TRUE,HS200814-EP01
TRUE,HS200814-EP02
TRUE,HS200814-EP03
TRUE,HS200814-EP04
TRUE,HS200814-EP05
TRUE,HS200814-EP06
TRUE,HS200814-T02
TRUE,HS200814-T03
TRUE,HS200814-T04
TRUE,HS200814-T05
TRUE,HS200814-T06
TRUE,HS200814-T07
TRUE,HS200814-VI01
TRUE,HS200814-VI03
TRUE,HS200814-VI04
TRUE,HS200814-VI05
TRUE,HS200814-VI06
TRUE,HS200814-VI11
TRUE,HS200814-VI12
TRUE,HS200814-VI13
TRUE,HS200814-VI14
TRUE,HS200814-VI16
TRUE,HS200814-VI17
TRUE,HS200814-VI18
TRUE,HS200814-VI19
TRUE,HS200814-VI20
TRUE,HS200814-VI22
TRUE,HS200814-VI23
TRUE,HS200814-VI24
TRUE,HS200814-VI25
TRUE,HS200814-VI28
TRUE,HS200815-EP04
TRUE,HS200815-EP05
TRUE,HS200815-EP06
TRUE,HS200815-T02
TRUE,HS200815-T03
TRUE,HS200815-T04
TRUE,HS200815-T05
TRUE,HS200815-VI01
TRUE,HS200815-VI02
TRUE,HS200815-VI03
TRUE,HS200815-VI04
TRUE,HS200815-VI06
TRUE,HS200901-EP02
TRUE,HS200901-EP03
TRUE,HS200901-EP04
TRUE,HS200901-EP05
TRUE,HS200901-EP06
TRUE,HS200901-QCSD01
TRUE,HS200901-T02
TRUE,HS200901-T03
TRUE,HS200901-T04
TRUE,HS200901-T05
TRUE,HS200901-T06
TRUE,HS200901-T07
TRUE,HS200901-VI01
TRUE,HS200901-VI02
TRUE,HS200901-VI03
TRUE,HS200901-VI04
TRUE,HS200901-VI05
TRUE,HS200901-VI06
TRUE,HS200901-VI07
TRUE,HS200901-VI09
TRUE,HS200901-VI10
TRUE,HS200901-VI11
TRUE,HS200901-VI12
TRUE,HS200901-VI13
TRUE,HS200901-VI14
TRUE,HS200901-VI15
TRUE,HS200901-VI16
TRUE,HS200901-VI17
TRUE,HS200901-VI18
TRUE,HS200901-VI19
TRUE,HS200941-EP01
TRUE,HS200941-EP02
TRUE,HS200941-EP03
TRUE,HS200941-EP04
TRUE,HS200941-EP05
TRUE,HS200941-EP06
TRUE,HS200941-T02
TRUE,HS200941-T03
TRUE,HS200941-T04
TRUE,HS200941-T05
TRUE,HS200941-T06
TRUE,HS200941-T07
TRUE,HS200941-VI01
TRUE,HS200941-VI02
TRUE,HS200941-VI03
TRUE,HS200941-VI04
TRUE,HS200941-VI05
TRUE,HS200941-VI08
TRUE,HS200941-VI09
TRUE,HS200941-VI10
TRUE,HS200941-VI12
TRUE,HS200941-VI13
TRUE,HS200941-VI14
TRUE,HS200941-VI15
TRUE,HS200941-VI16
TRUE,HS200941-VI17
TRUE,HS200941-VI18
TRUE,HS200941-VI19
TRUE,HS200946-EP02
TRUE,HS200946-EP03
TRUE,HS200946-EP04
TRUE,HS200946-EP05
TRUE,HS200946-EP06
TRUE,HS200946-T04
TRUE,HS200946-T05
TRUE,HS200946-T06
TRUE,HS200946-T07
TRUE,HS200946-VI01
TRUE,HS200946-VI02
TRUE,HS200946-VI03
TRUE,HS200946-VI04
TRUE,HS200946-VI05
TRUE,HS200946-VI06
TRUE,HS200946-VI07
TRUE,HS200946-VI08
TRUE,HS200946-VI09
TRUE,HS200946-VI11
TRUE,HS200946-VI12
TRUE,HS200946-VI13
TRUE,HS200946-VI15
TRUE,HS200946-VI16
TRUE,HS200946-VI17
TRUE,HS200946-VI18
TRUE,HS200946-VI19
TRUE,HS200946-VI20
TRUE,HS201003-EP01
TRUE,HS201003-EP02
TRUE,HS201003-EP03
TRUE,HS201003-EP04
TRUE,HS201003-EP05
TRUE,HS201003-T02
TRUE,HS201003-T03
TRUE,HS201003-T04
TRUE,HS201003-T05
TRUE,HS201003-T06
TRUE,HS201003-T07
TRUE,HS201003-VI01
TRUE,HS201003-VI02
TRUE,HS201003-VI03
TRUE,HS201003-VI04
TRUE,HS201003-VI05
TRUE,HS201003-VI08
TRUE,HS201003-VI09
TRUE,HS201003-VI10
TRUE,HS201003-VI12
TRUE,HS201003-VI13
TRUE,HS201003-VI14
TRUE,HS201017-EP01
TRUE,HS201017-EP02
TRUE,HS201017-EP03
TRUE,HS201017-EP04
TRUE,HS201017-EP05
TRUE,HS201017-Q02
TRUE,HS201017-T02
TRUE,HS201017-T03
TRUE,HS201017-T04
TRUE,HS201017-T05
TRUE,HS201017-T06
TRUE,HS201017-T07
TRUE,HS201017-VI01
TRUE,HS201017-VI02
TRUE,HS201017-VI03
TRUE,HS201017-VI04
TRUE,HS201017-VI05
TRUE,HS201017-VI06
TRUE,HS201017-VI09
TRUE,HS201017-VI10
TRUE,HS201017-VI11
TRUE,HS201017-VI12
TRUE,HS201017-VI13
TRUE,HS201017-VI14
TRUE,HS201017-VI15
TRUE,HS201017-VI16
TRUE,HS201017-VI17
TRUE,HS201017-VI18
TRUE,HS201017-VI19
TRUE,HS201017-VI21
TRUE,HS201017-VI22
TRUE,HS201017-VI23
TRUE,HS201017-VI29
TRUE,HS201018-EP02
TRUE,HS201018-EP03
TRUE,HS201018-EP04
TRUE,HS201018-EP05
TRUE,HS201018-QCSD06
TRUE,HS201018-QCSD07
TRUE,HS201018-T02B
TRUE,HS201018-T03B
TRUE,HS201018-T04B
TRUE,HS201018-T05B
TRUE,HS201018-T06
TRUE,HS201018-T06B
TRUE,HS201018-T07
TRUE,HS201018-T07B
TRUE,HS201018-VI01
TRUE,HS201018-VI02
TRUE,HS201018-VI03
TRUE,HS201018-VI04
TRUE,HS201018-VI06
TRUE,HS201018-VI07
TRUE,HS201018-VI08
TRUE,HS201018-VI10
TRUE,HS201018-VI11
TRUE,HS201018-VI12
TRUE,HS201018-VI13
TRUE,HS201018-VI14
TRUE,HS201018-VI16
TRUE,HS201018-VI17
TRUE,HS201018-VI18
TRUE,HS201018-VI19
TRUE,HS201102-EP01
TRUE,HS201102-EP02
TRUE,HS201102-EP03
TRUE,HS201102-EP04
TRUE,HS201102-EP05
TRUE,HS201102-QCSD02
TRUE,HS201102-T02
TRUE,HS201102-T03
TRUE,HS201102-T04
TRUE,HS201102-T05
TRUE,HS201102-T06
TRUE,HS201102-T07
TRUE,HS201102-VI01
TRUE,HS201102-VI02
TRUE,HS201102-VI03
TRUE,HS201102-VI04
TRUE,HS201102-VI06
TRUE,HS201102-VI08
TRUE,HS201102-VI09
TRUE,HS201102-VI10
TRUE,HS201102-VI11
TRUE,HS201102-VI12
TRUE,HS201102-VI14
TRUE,HS201102-VI16
TRUE,HS201102-VI17
TRUE,HS201102-VI18
TRUE,HS201102-VI20
TRUE,HS201102-VI21
TRUE,HS201102-VI22
TRUE,HS201102-VI23
TRUE,HS201102-VI24
TRUE,HS201137-EP01
TRUE,HS201137-EP02
TRUE,HS201137-EP03
TRUE,HS201137-EP04
TRUE,HS201137-EP05
TRUE,HS201137-QCSD08
TRUE,HS201137-QCSD09
TRUE,HS201137-T02
TRUE,HS201137-T03
TRUE,HS201137-T04
TRUE,HS201137-T05
TRUE,HS201137-T06
TRUE,HS201137-T07
TRUE,HS201137-VI02
TRUE,HS201137-VI03
TRUE,HS201137-VI04
TRUE,HS201137-VI05
TRUE,HS201137-VI06
TRUE,HS201137-VI07
TRUE,HS201137-VI09
TRUE,HS201137-VI10
TRUE,HS201137-VI11
TRUE,HS201137-VI12
TRUE,HS201137-VI14
TRUE,HS201137-VI15
TRUE,HS201137-VI16
TRUE,HS201137-VI18
TRUE,HS201137-VI19
TRUE,HS201137-VI20
TRUE,HS201137-VI21
TRUE,HS201137-VI22
TRUE,HS201137-VI25
TRUE,HS201137-VI26
TRUE,HS201145-EP02
TRUE,HS201145-EP03
TRUE,HS201145-EP04
TRUE,HS201145-EP05
TRUE,HS201145-IVI09
TRUE,HS201145-T02
TRUE,HS201145-T03
TRUE,HS201145-T04
TRUE,HS201145-T05
TRUE,HS201145-T06
TRUE,HS201145-T07
TRUE,HS201145-VI01
TRUE,HS201145-VI02
TRUE,HS201145-VI04
TRUE,HS201145-VI05
TRUE,HS201145-VI06
TRUE,HS201145-VI07
TRUE,HS201145-VI08
TRUE,HS201145-VI14
TRUE,HS201145-VI15
TRUE,HS201145-VI19
TRUE,HS201145-VI20
TRUE,HS201145-VI23
TRUE,HS201145-VI25
TRUE,HS201145-VI26
TRUE,HS201145-VI28
TRUE,HS201203-EP01
TRUE,HS201203-EP02
TRUE,HS201203-EP03
TRUE,HS201203-EP04
TRUE,HS201203-EP05
TRUE,HS201203-VI01
TRUE,HS201203-VI02
TRUE,HS201203-VI03
TRUE,HS201203-VI04
TRUE,HS201203-VI09
TRUE,HS201203-VI10
TRUE,HS201203-VI11
TRUE,HS201250-EP01
TRUE,HS201250-EP02
TRUE,HS201250-EP03
TRUE,HS201250-EP04
TRUE,HS201250-EP05
TRUE,HS201250-EP06
TRUE,HS201250-QCSD09
TRUE,HS201250-QCSD10
TRUE,HS201250-T01
TRUE,HS201250-T02
TRUE,HS201250-T03
TRUE,HS201250-T04
TRUE,HS201250-T05
TRUE,HS201250-T06
TRUE,HS201250-VI02
TRUE,HS201250-VI03
TRUE,HS201250-VI05
TRUE,HS201250-VI06
TRUE,HS201250-VI07
TRUE,HS201250-VI08
TRUE,HS201250-VI09
TRUE,HS201250-VI10
TRUE,HS201250-VI12
TRUE,HS201250-VI13
TRUE,HS201250-VI14
TRUE,HS201250-VI15
TRUE,HS201250-VI16
TRUE,HS201250-VI17
TRUE,HS201250-VI19
TRUE,HS201267-EP01
TRUE,HS201267-EP02
TRUE,HS201267-EP03
TRUE,HS201267-EP04
TRUE,HS201267-EP05
TRUE,HS201267-EP06
TRUE,HS201267-T02
TRUE,HS201267-T03
TRUE,HS201267-T04
TRUE,HS201267-T05
TRUE,HS201267-T06
TRUE,HS201267-T07
TRUE,HS201267-VI01
TRUE,HS201267-VI02
TRUE,HS201267-VI03
TRUE,HS201267-VI05
TRUE,HS201267-VI06
TRUE,HS201267-VI07
TRUE,HS201267-VI08
TRUE,HS201267-VI09
TRUE,HS201267-VI10
TRUE,HS201267-VI11
TRUE,HS201267-VI13
TRUE,HS201267-VI14
TRUE,HS201267-VI16
TRUE,HS201267-VI17
TRUE,HS201310-T02
TRUE,HS201310-T03
TRUE,HS201310-T04
TRUE,HS201343-EP01
TRUE,HS201343-EP02
TRUE,HS201343-EP03
TRUE,HS201343-EP04
TRUE,HS201343-EP05
TRUE,HS201343-T02
TRUE,HS201343-T03
TRUE,HS201343-T04
TRUE,HS201343-T05
TRUE,HS201343-T06
TRUE,HS201343-T07
TRUE,HS201343-VI02
TRUE,HS201343-VI03
TRUE,HS201343-VI04
TRUE,HS201343-VI05
TRUE,HS201343-VI07
TRUE,HS201343-VI08
TRUE,HS201343-VI09
TRUE,HS201343-VI10
TRUE,HS201343-VI12
TRUE,HS201343-VI13
TRUE,HS201343-VI14
TRUE,HS201343-VI15
TRUE,HS201343-VI16
TRUE,HS201343-VI18
TRUE,HS201365-EP01
TRUE,HS201365-EP02
TRUE,HS201365-EP03
TRUE,HS201365-EP04
TRUE,HS201365-EP05
TRUE,HS201365-QCSD02
TRUE,HS201365-VI02
TRUE,HS201365-VI03
TRUE,HS201365-VI04
TRUE,HS201365-VI05
TRUE,HS201365-VI07
TRUE,HS201365-VI08
TRUE,HS201365-VI09
TRUE,HS201365-VI10
TRUE,HS201365-VI11
TRUE,HS201365-VI12
TRUE,HS201365-VI13
TRUE,HS201365-VI14
TRUE,HS201365-VI15
TRUE,HS201365-VI16
TRUE,HS201365-VI17
TRUE,HS201365-VI18
TRUE,HS201365-VI19
TRUE,HS201365-VI20
TRUE,HS201365-VI21
TRUE,HS201365-VI22
TRUE,HS201365-VI23
TRUE,HS201436-QCSD01
TRUE,HS201436-T02
TRUE,HS201436-T03
TRUE,HS201436-T04
TRUE,HS201436-T05
TRUE,HS201436-T06
TRUE,HS201436-T07
TRUE,HS201466-EP02
TRUE,HS201466-EP03
TRUE,HS201466-EP04
TRUE,HS201466-EP05
TRUE,HS201466-EP06
TRUE,HS201466-QCST19
TRUE,HS201466-T03
TRUE,HS201466-T04
TRUE,HS201466-T05
TRUE,HS201466-T06
TRUE,HS201466-T07
TRUE,HS201466-VI01
TRUE,HS201466-VI02
TRUE,HS201466-VI04
TRUE,HS201466-VI05
TRUE,HS201466-VI06
TRUE,HS201466-VI07
TRUE,HS201466-VI08
TRUE,HS201466-VI09
TRUE,HS201515-EP01
TRUE,HS201515-EP02
TRUE,HS201515-EP03
TRUE,HS201515-EP04
TRUE,HS201515-T02
TRUE,HS201515-T03
TRUE,HS201515-T04
TRUE,HS201515-T05
TRUE,HS201515-T06
TRUE,HS201515-T07
TRUE,HS201515-VI01
TRUE,HS201515-VI02
TRUE,HS201515-VI03
TRUE,HS201515-VI04
TRUE,HS201515-VI05
TRUE,HS201515-VI06
TRUE,HS201515-VI07
TRUE,HS201515-VI09
TRUE,HS201515-VI10
TRUE,HS201515-VI11
TRUE,HS201515-VI12
TRUE,HS201515-VI13
TRUE,HS201515-VI14
TRUE,HS201515-VI15
TRUE,HS201515-VI16
TRUE,HS201515-VI19
TRUE,HS201515-VI20
TRUE,HS201515-VI21
TRUE,HS201515-VI22
TRUE,HS201515-VI23
TRUE,HS201515-VI24
TRUE,HS201515-VI25
TRUE,HS201515-VI26
TRUE,HS201515-VI27
TRUE,HS201515-VI28
TRUE,HS201556-EP02
TRUE,HS201556-EP03
TRUE,HS201556-EP04
TRUE,HS201556-EP05
TRUE,HS201556-EP06
TRUE,HS201556-QCSD01
TRUE,HS201556-QCSD02
TRUE,HS201556-QCSD03
TRUE,HS201556-QCSD04
TRUE,HS201556-VI01
TRUE,HS201556-VI02
TRUE,HS201556-VI03
TRUE,HS201556-VI04
TRUE,HS201556-VI05
TRUE,HS201556-VI06
TRUE,HS201556-VI07
TRUE,HS201556-VI08
TRUE,HS201556-VI09
TRUE,HS201556-VI10
TRUE,HS201556-VI11
TRUE,HS201556-VI12
TRUE,HS201556-VI13
TRUE,HS201556-VI14
TRUE,HS201556-VI15
TRUE,HS201556-VI16
TRUE,HS201556-VI18
TRUE,HS201556-VI19
TRUE,HS201556-VI20
TRUE,HS201556-VI21
TRUE,HS201556-VI22
TRUE,HS201556-VI23
TRUE,HS201556-VI24
TRUE,HS201556-VI25
TRUE,HS201556-VI26
TRUE,HS201556-VI27
TRUE,HS201640-EP01
TRUE,HS201640-EP02
TRUE,HS201640-EP03
TRUE,HS201640-IVI01
TRUE,HS201640-IVI02
TRUE,HS201640-VI02
TRUE,HS201640-VI03
TRUE,HS201640-VI04
TRUE,HS201640-VI05
TRUE,HS201640-VI06
TRUE,HS201640-VI07
TRUE,HS201640-VI08
TRUE,HS201640-VI09
TRUE,HS9816-002
TRUE,HS9816-004
TRUE,HS9816-011
TRUE,HS9816-013
TRUE,HS9816-014
TRUE,HS9817-T02
TRUE,HS9817-T03A
TRUE,HS9817-T03B
TRUE,HS9817-T04A
TRUE,HS9817-T04B
TRUE,HS9817-T05
TRUE,HS9817-T06
TRUE,HS9817-T07
TRUE,HS9818-T02
TRUE,HS9818-T03
TRUE,HS9818-T04
TRUE,HS9818-T05
TRUE,HS9818-T06
TRUE,HS9818-T07
TRUE,HS9819-R085
TRUE,HS9819-R086
TRUE,HS9819-R087
TRUE,HS9819-R088
TRUE,HS9819-R090
TRUE,HS9819-R093
TRUE,HS9819-R094
TRUE,HS9819-R095
TRUE,HS9819-R096
TRUE,HS9819-R097
TRUE,HS9819-R099
TRUE,HS9819-R100
TRUE,HS9819-R101
TRUE,HS9819-R103
TRUE,HS9819-R104
TRUE,HS9819-R106
TRUE,HS9819-R107
TRUE,HS9819-R108
TRUE,HS9819-R109
TRUE,HS9819-R111
TRUE,HS9819-R112
TRUE,HS9819-R113
TRUE,HS9819-T02
TRUE,HS9819-T03
TRUE,HS9819-T04
TRUE,HS9819-T05
TRUE,HS9819-T06
TRUE,HS9819-T07
TRUE,HS9819-T08
TRUE,HS9913-C01
TRUE,HS9913-C02
TRUE,HS9913-C03
TRUE,HS9913-C04
TRUE,HS9913-C05
TRUE,HS9913-C06
TRUE,HS9913-T02
TRUE,HS9913-T03
TRUE,HS9913-T04
TRUE,HS9913-T05
TRUE,HS9913-T06
TRUE,HS9913-T07
TRUE,HS9913-VI01
TRUE,HS9913-VI03
TRUE,HS9914-C02
TRUE,HS9914-C03
TRUE,HS9914-C04
TRUE,HS9914-C05
TRUE,HS9914-C06
TRUE,HS9914-C07
TRUE,HS9914-T02
TRUE,HS9914-T03
TRUE,HS9914-T04
TRUE,HS9914-T05
TRUE,HS9914-T06
TRUE,HS9914-T07
TRUE,HS9914-T08
TRUE,HS9938-C02
TRUE,HS9938-C03
TRUE,HS9938-C04
TRUE,HS9938-C05
TRUE,HS9938-C06
TRUE,HS9938-C07
TRUE,HS9938-K02
TRUE,HS9938-K03
TRUE,HS9938-K04
TRUE,HS9938-K2.5
TRUE,HS9938-K3.5
